category,product_url
PAINT & WALL FINISH,https://www.dunnedwards.com/colors/browser/dew340
PAINT & WALL FINISH,https://www.coloratelierpaint.com/product-page/tadelakt-shower-plaster
PAINT & WALL FINISH,https://www.dunnedwards.com/colors/browser/dew340
TRIM DETAILS,https://www.dunnedwards.com/colors/browser/dew340
HARDWARE,https://www.strongarhardware.com/extra-length-ladder-style-back-to-back-push-pull-door-handle-matte-black-powder-coated-stainless-steel-finish/
HARDWARE,https://www.kwikset.com/products/detail/milan-lever-round-bed-bath?variant=155mil-rdt-514
HARDWARE,https://www.kwikset.com/products/detail/milan-lever-round-hall-closet?variant=154mil-rdt-514
HARDWARE,https://emtek.com/door-hinges/4x4squarebarrelheavydutyhinges
SOLID SURFACES,"https://www.msisurfaces.com/marble/calacatta-marble/#:~:text=Calacatta%20Gold%20marble%20is%20a,islands%2C%20marble%20floors%20and%20backsplashes."
SOLID SURFACES,https://www.cosentino.com/colors/silestone/charcoal-soapstone/
SOLID SURFACES,https://www.caesarstoneus.com/catalog/1141-pure-white/
SOLID SURFACES,https://www.fireclaytile.com/tile/colors/detail/daisy/tile-field-2-x-2
SOLID SURFACES,https://www.fireclaytile.com/tile/colors/detail/basalt/tile-field-2-x-2#specs-content
SOLID SURFACES,https://www.fireclaytile.com/tile/colors/detail/daisy/tile-field-2-x-2
SOLID SURFACES,https://www.fireclaytile.com/tile/colors/detail/carbon/tile-field-2-x-2
SOLID SURFACES,https://www.fireclaytile.com/tile/colors/detail/caribbean/tile-field-2-x-6
SOLID SURFACES,https://www.fireclaytile.com/tile/colors/detail/sea-glass/tile-field-2-x-6
SOLID SURFACES,https://www.fireclaytile.com/tile/colors/detail/mesa/tile-field-2-x-6
SOLID SURFACES,https://www.fireclaytile.com/tile/colors/detail/bryce-canyon/tile-field-2-x-6
SOLID SURFACES,https://www.fireclaytile.com/tile/colors/detail/tuolumne-meadows/tile-field-2-x-6
WOODWORK & CABINETRY,https://www.bellmontcabinets.com/galleries/door-gallery/door-details.html&door_details=Paris&door_series=1600%20Series
PLUMBING FIXTURES & ACCESSORIES,https://www.kraususa.com/kraus-kwu120-45-workstation-45-undermount-2-tier-16-gauge-stainless-steel-single-bowl-kitchen-sink.html
PLUMBING FIXTURES & ACCESSORIES,https://www.kraususa.com/kraus-khu100-32-32-undermount-16-gauge-stainless-steel-single-bowl-kitchen-sink.html
PLUMBING FIXTURES & ACCESSORIES,https://www.deltafaucet.com/kitchen/product/9659-DST.html
PLUMBING FIXTURES & ACCESSORIES,https://www.deltafaucet.com/kitchen/product/1165LF-AR.html
PLUMBING FIXTURES & ACCESSORIES,https://www.kraususa.com/kitchen/kitchen-sinks/undermount-sinks/kraus-kwu110-32-workstation-32-undermount-16-gauge-stainless-steel-single-bowl-kitchen-sink-3.html
PLUMBING FIXTURES & ACCESSORIES,https://www.deltafaucet.com/kitchen/product/9159-BL-DST
PLUMBING FIXTURES & ACCESSORIES,https://www.deltafaucet.com/kitchen/product/9159-AR-DST
PLUMBING FIXTURES & ACCESSORIES,https://www.kraususa.com/kraus-khu100-26-26-undermount-16-gauge-stainless-steel-single-bowl-kitchen-sink.html
PLUMBING FIXTURES & ACCESSORIES,https://www.kraususa.com/kraus-khu100-32-32-undermount-16-gauge-stainless-steel-single-bowl-kitchen-sink.html
PLUMBING FIXTURES & ACCESSORIES,https://www.deltafaucet.com/kitchen/product/1959LF.html
PLUMBING FIXTURES & ACCESSORIES,https://kastconcretebasins.com/products/p/rho
PLUMBING FIXTURES & ACCESSORIES,https://www.us.kohler.com/us/purist-widespread-wall-mount-bathroom-sink-faucet-trim-with-6-1-4-spout-and-cross-handles-requires-valve/productDetail/sink-faucets/421576.htm?skuId=1298133&brandId=1152540
PLUMBING FIXTURES & ACCESSORIES,https://www.us.kohler.com/us/purist-floor-mount-bath-filler-trim-with-handshower/productDetail/bathtub-faucets-fillers/1095363.htm?skuId=1363332
PLUMBING FIXTURES & ACCESSORIES,https://www.us.kohler.com/us/verticyl-rectangular-undermount-bathroom-sink/productDetail/bathroom-sinks/427425.htm
PLUMBING FIXTURES & ACCESSORIES,https://www.us.kohler.com/us/purist-single-handle-bathroom-sink-faucet-with-straight-lever-handle/productDetail/sink-faucets/422314.htm?skuId=1294825&brandId=1152540
PLUMBING FIXTURES & ACCESSORIES,https://www.us.kohler.com/us/catalog/productDetails.jsp?productId=425614&skuId=1284581
PLUMBING FIXTURES & ACCESSORIES,https://www.us.kohler.com/us/purist-1.75-gpm-multifunction-showerhead-with-katalyst-air-induction-technology/productDetail/showerheads/1476691.htm?skuId=1566064&brandId=1148925
PLUMBING FIXTURES & ACCESSORIES,https://www.us.kohler.com/us/10-rainhead-with-katalyst-air-induction-technology-2.5-gpm/productDetail/rainheads/427973.htm?skuId=408748&brandId=784535
PLUMBING FIXTURES & ACCESSORIES,https://www.us.kohler.com/us/purist-rite-temp-pressure-balancing-valve-trim-with-cross-handles-valve-not-included/productDetail/handle-trim/427500.htm?skuId=1476483&brandId=1002105
PLUMBING FIXTURES & ACCESSORIES,https://www.deltafaucet.com/bathroom/product/559LF-SSLPU
PLUMBING FIXTURES & ACCESSORIES,https://www.deltafaucet.com/bathroom/product/T14259-SS
PLUMBING FIXTURES & ACCESSORIES,https://www.deltafaucet.com/bathroom/product/T14459-SS.html
PLUMBING FIXTURES & ACCESSORIES,https://www.us.kohler.com/us/elmbrook-60-x-30-alcove-bath-w-integral-apron-and-right-drain/productDetail/product:1787371/1787371.htm?skuId=1787340
PLUMBING FIXTURES & ACCESSORIES,https://www.us.kohler.com/us/persuade-curv-comfort-height-two-piece-elongated-dual-flush-toilet-w-top-mount-actuator-and-skirted-trapway/productDetail/toilets/1330460.htm?skuId=1330426&brandId=1165230
PLUMBING FIXTURES & ACCESSORIES,https://www.deltafaucet.com/bathroom/product/55085-SS
LIGHTING FIXTURES,https://www.hinkley.com/13594bk-ll.html
LIGHTING FIXTURES,https://www.hinkley.com/13590bk-ll.html
LIGHTING FIXTURES,https://lambertetfils.com/product/dot-line-suspension/?v=7516fd43adaa
LIGHTING FIXTURES,https://www.dwr.com/lighting-ceiling/random-light/6987.html?lang=en_US&gclid=Cj0KCQiA09eQBhCxARIsAAYRiylJimpRfBktaUYGFdIfJCUF_JakDmBpF0mMUREipTplrxMRECzTU5AaAr7YEALw_wcB&gclsrc=aw.ds
LIGHTING FIXTURES,https://rbw.com/products/pastille-3-vanity/ddd-pc30-27-120_tr_line-ip20
LIGHTING FIXTURES,https://rbw.com/products/pastille-1-disc/d-pc30-27-120_tr_line-ip20
LIGHTING FIXTURES,https://currentcollection.com/strike/
LIGHTING FIXTURES,https://www.nuvolightinglights.com/product/nuvo-lighting-blink-plus-flush-mount-62-1377.html
LIGHTING FIXTURES,https://www.lightology.com/index.php?module=prod_detail&prod_id=880984&cat_id=146
LIGHTING FIXTURES,https://www.emerson.lightingnewyork.com/product/emerson-fans-loft-indoor-ceiling-fans-cf765bq.html
LIGHTING FIXTURES,https://www.environmentallights.com/18942-ln-pf-2700k-5m.html
LIGHTING FIXTURES,https://www.philips-hue.com/en-us/p/hue-white-and-color-ambiance-lightstrip-plus-base-v4-80-inch/046677555337#faq
ACCESSORIES,https://www.us.kohler.com/us/purist-towel-ring/productDetail/towel-rings/421803.htm?skuId=381661&brandId=1152540
ACCESSORIES,https://www.us.kohler.com/us/purist-30-towel-bar/productDetail/towel-bars/421801.htm?skuId=381651&brandId=1152540
ACCESSORIES,https://www.us.kohler.com/us/purist-pivoting-toilet-paper-holder/productDetail/toilet-tissue-holders/428367.htm?skuId=410302&brandId=1152540
ACCESSORIES,https://www.us.kohler.com/us/purist-robe-hook/productDetail/robe-hooks/421804.htm?skuId=381666&brandId=1152540
ACCESSORIES,https://www.deltafaucet.com/bathroom/product/75912-SS
ACCESSORIES,https://www.deltafaucet.com/bathroom/product/75925-SS
ACCESSORIES,https://www.deltafaucet.com/bathroom/product/75950-SS
ACCESSORIES,https://www.potterybarn.com/products/moritz-round-mirror/?catalogId=84&sku=5705623&cm_ven=PLA&cm_cat=Google&cm_pla=Bath%20%3E%20Mirrors&region_id=792000&cm_ite=5705623&gclid=CjwKCAjw1uiEBhBzEiwAO9B_HZ2_K_j4vByLB9LG5R7Wzjl5-7CvVK2uO_EUyZ14R4qGoFl7nelQ-hoCCDcQAvD_BwE
ACCESSORIES,https://www.dwr.com/accessories-entryway/mondrian-mirrors/1458.html?lang=en_US
APPLIANCES,https://www.lg.com/us/washers/lg-WM3900HBA-front-load-washer
APPLIANCES,https://www.lg.com/us/dryers/lg-DLGX3901B-gas-dryer
APPLIANCES,https://www.lg.com/us/styler/lg-s5msb-styler
APPLIANCES,https://www.subzero-wolf.com/sub-zero/full-size-refrigeration/integrated-fridges/36-inch-integrated-column-freezer-ice-maker-panel-ready
APPLIANCES,https://www.subzero-wolf.com/sub-zero/full-size-refrigeration/integrated-fridges/36-inch-integrated-column-refrigerator-internal-dispenser-panel-ready
APPLIANCES,https://www.subzero-wolf.com/wolf/cooktops-and-rangetops/induction-cooktops/36-inch-contemporary-induction-cooktop
APPLIANCES,https://www.subzero-wolf.com/cove/dishwashers/24-inch-dishwasher-panel-ready
APPLIANCES,https://www.subzero-wolf.com/wolf/microwave-ovens/24-inch-standard-microwave-oven
APPLIANCES,https://www.subzero-wolf.com/wolf/range-hood/46-inch-pro-hood-liner-22-inch-depth
APPLIANCES,https://www.subzero-wolf.com/wolf/ovens/m-series/30-inch-m-series-contemporary-built-in-double-oven
APPLIANCES,https://www.subzero-wolf.com/sub-zero/full-size-refrigeration/integrated-fridges/30-inch-integrated-over-under-refrigerator-freezer-ice-maker-internal-dispenser-panel-ready
APPLIANCES,https://true-residential.com/products/24-dual-zone-wine-cabinet-overlay-glass/?finishes=Stainless+Steel&hardware=Stainless+Steel&hinge=Right+Hinge
APPLIANCES,https://true-residential.com/products/beverage-center/?finishes=&hardware=&hinge=Right+Hinge
APPLIANCES,https://true-residential.com/products/15-clear-ice-machine-overlay-panel/?finishes=Stainless+Steel&hardware=Stainless+Steel&hinge=Right+Hinge
APPLIANCES,https://www.subzero-wolf.com/sub-zero/full-size-refrigeration/integrated-fridges/36-inch-integrated-over-under-refrigerator-freezer-internal-dispenser-ice-maker-panel-ready
APPLIANCES,https://www.subzero-wolf.com/wolf/range-hood/45-inch-cooktop-wall-hood-black
APPLIANCES,https://www.subzero-wolf.com/wolf/range-hood/46-inch-pro-hood-liner-22-inch-depth
APPLIANCES,https://www.subzero-wolf.com/wolf/grill/42-inch-outdoor-gas-grill
APPLIANCES,https://biggreenegg.com/product/large-big-green-egg/
APPLIANCES,https://fireorb.net/photos/